{
  "project_info": {
    "project_number": "555901361855",
    "project_id": "library-manage-app-chy1a4",
    "storage_bucket": "library-manage-app-chy1a4.appspot.com"
  },
  "client": [
    {
      "client_info": {
        "mobilesdk_app_id": "1:555901361855:android:cb7738f9eb8bc52005b00a",
        "android_client_info": {
          "package_name": "com.mycompany.librarymanageapp"
        }
      },
      "oauth_client": [],
      "api_key": [
        {
          "current_key": "AIzaSyBemjX3A19TMM14ByyyVVbf3urUF3is66o"
        }
      ],
      "services": {
        "appinvite_service": {
          "other_platform_oauth_client": []
        }
      }
    }
  ],
  "configuration_version": "1"
}